{"cameraMode":{"drawMode":0,"name":"Shaded","section":"Shading Mode"},"sceneLighting":true,"audioPlay":false,"sceneViewState":{"m_AlwaysRefresh":false,"showFog":true,"showSkybox":true,"showFlares":true,"showImageEffects":true,"showParticleSystems":true,"showVisualEffectGraphs":true,"m_FxEnabled":true},"in2DMode":false,"pivot":{"x":135.4365997314453,"y":36.18115234375,"z":213.7765655517578},"rotation":{"x":-0.0062924884259700779,"y":-0.07103152573108673,"z":0.00046139711048454046,"w":-0.9974755644798279},"size":15.907890319824219,"orthographic":false}