{"cameraMode":{"drawMode":0,"name":"Shaded","section":"Shading Mode"},"sceneLighting":true,"audioPlay":false,"sceneViewState":{"m_AlwaysRefresh":false,"showFog":true,"showSkybox":true,"showFlares":true,"showImageEffects":true,"showParticleSystems":true,"showVisualEffectGraphs":true,"m_FxEnabled":true},"in2DMode":false,"pivot":{"x":68.78105163574219,"y":17.608789443969728,"z":184.9459991455078},"rotation":{"x":0.00009548381058266386,"y":0.9997645020484924,"z":0.022189782932400705,"w":-0.007777856197208166},"size":17.230348587036134,"orthographic":false}